,event_id,stations,network_time,ref_time,ref_duration,group
0,20180131T235959Z,"['2A.BBS05.', '2A.BBS06.']",0.6419883985219884,2018-01-31T23:59:59.679006Z,16.431989,0
