event_id,amplitude,mean_freq,rad,Ms
20180131T235959Z,7.417410840173882e-05,31.0305135107084,0.28942313438143297,2.37168542518566
