event_id,amplitude,mean_freq,rad,Ms
20180104T235959Z,1.9856283254301007e-06,15.380160936159019,0.6025023766057968,1.0230893335852635
