event_id,baz,rad,slow
20180131T235959Z,86.4,5.0874361239029895,0.7631578947368421
