event_id,baz,rad,slow
20180131T235959Z,288.0,1.2539941451294703,0.35789473684210527
