event_id,baz,rad,slow
20180104T235959Z,93.60000000000001,0.7535821694056161,0.578947368421053
