event_id,baz,rad,slow
20180131T235959Z,64.8,0.11162520220704067,0.578947368421053
