event_id,R_baz,R_rad,R_corr,P_baz,P_rad,P_corr,N
20180104T235959Z,115.2,7.453712553094249,0.10623971194011592,338.40000000000003,0.6634976520136784,0.673135207409972,3.0
