event_id,baz,rad,corr,baz_opt,rad_opt,corr_opt,N
20180131T235959Z,6.157521601035995,6.562682848061104,0.057972297039289286,6.2372153318224175,16.0,0.07667252048593114,2.0
