event_id,R_baz,R_rad,R_corr,P_baz,P_rad,P_corr,N
20180131T235959Z,183.6,8.465719296578376,0.009398013197622648,313.2,0.6634976520136784,0.05577046077250414,2.0
