event_id,R_corr,P_corr,S_corr
20180131T235959Z,-0.04155427921609224,0.5320549043141369,-0.5321826292025624
