event_id,R_corr,P_corr
20180131T235959Z,0.007658421536826589,0.03928308598761535
