event_id,baz,rad,corr,baz_opt,rad_opt,corr_opt,N
20180104T235959Z,2.1362830044410597,1.1040895136738127,0.10061509381217136,2.07252550499249,16.0,0.10681311580286441,3.0
