event_id,R_corr,P_corr,S_corr
20180104T235959Z,-0.027256200137051493,0.1863988552631378,-0.16169202547501732
