event_id,R_baz,R_rad,R_corr,P_baz,P_rad,P_corr,N
20180104T235959Z,313.2,1.617625394674567,0.75043816801213,338.40000000000003,0.6634976520136784,0.9621179263100865,3.0
