event_id,R_baz,R_rad,R_corr,P_baz,P_rad,P_corr,N
20180131T235959Z,183.6,8.465719296578376,0.010953603865876542,313.2,0.6634976520136784,0.055551157981651354,2.0
