event_id,R_corr,P_corr
20180104T235959Z,-0.009230978609354209,0.06198097377407757
