event_id,R_baz,R_rad,R_corr,P_baz,P_rad,P_corr,N
20180104T235959Z,313.2,1.617625394674567,0.8322645708216609,338.40000000000003,0.6634976520136784,0.9765254821338394,3.0
