event_id,R_baz,R_rad,R_corr,P_baz,P_rad,P_corr,N
20180131T235959Z,0.0,16.0,0.06747158198223174,302.40000000000003,0.8558976573957302,0.048134911912685166,2.0
