event_id,amplitude,med_freq,duration,energy,mean_freq
20180104T235959Z,2.0073286826176416e-05,1.171875,16.401989,5.184006199189183e-12,5.834613715358637
