event_id,amplitude,med_freq,duration,energy,mean_freq
20180131T235959Z,0.0007454039171539084,6.4453125,16.431989,5.5571057318123526e-09,7.920346046770162
